Time;Season
0;0.017096581
0.041666668;0.03669266
0.083333336;0.048290343
0.125;0.0924815
0.16666667;0.124975
0.20833333;0.13827234
0.25;0.11917616
0.29166666;0.10667866
0.33333334;0.11327735
0.375;0.08668266
0.41666666;0.053289337
0.45833334;0.01419716
0.5;0.00829834
0.5416667;0.0024995
0.5833333;0.0024995
0.625;0.00329934
0.6666667;0.00419916
0.7083333;0.00379924
0.75;0.0024995
0.7916667;0.0024995
0.8333333;0.00379924
0.875;0.00379924
0.9166667;0.0024995
0.9583333;0.00919816
