Time;Annual F
0;0.23018397
1;0.23018397
2;0.23018397
3;0.23018397
4;0.23018397
5;0.23018397
6;0.23018397
7;0.23018397
8;0.23018397
9;0.23018397
10;0.23018397
11;0.23018397
12;0.23018397
13;0.23018397
14;0.23018397
15;0.23018397
16;0.23018397
17;0.23018397
18;0.23018397
19;0.23018397
