Time step;F
0;0.009591
1;0.009591
2;0.009591
3;0.009591
4;0.009591
5;0.009591
6;0.009591
7;0.009591
8;0.009591
9;0.009591
10;0.009591
11;0.009591
12;0.009591
13;0.009591
14;0.009591
15;0.009591
16;0.009591
17;0.009591
18;0.009591
19;0.009591
20;0.009591
21;0.009591
22;0.009591
23;0.009591
