Time;Annual F
0;0.22997701
1;0.22997701
2;0.22997701
3;0.22997701
4;0.22997701
5;0.22997701
6;0.22997701
7;0.22997701
8;0.22997701
9;0.22997701
10;0.22997701
11;0.22997701
12;0.22997701
13;0.22997701
14;0.22997701
15;0.22997701
16;0.22997701
17;0.22997701
18;0.22997701
19;0.22997701
