Time step;F
0;0.0075477
1;0.0075477
2;0.0075477
3;0.0075477
4;0.0075477
5;0.0075477
6;0.0075477
7;0.0075477
8;0.0075477
9;0.0075477
10;0.0075477
11;0.0075477
12;0.0075477
13;0.0075477
14;0.0075477
15;0.0075477
16;0.0075477
17;0.0075477
18;0.0075477
19;0.0075477
20;0.0075477
21;0.0075477
22;0.0075477
23;0.0075477
