Time step;F
0;0.002047
1;0.003634
2;0.004209
3;0.006072
4;0.00736
5;0.011316
6;0.013961
7;0.017043
8;0.017526
9;0.019964
10;0.021942
11;0.019665
12;0.01541
13;0.012328
14;0.013478
15;0.013547
16;0.01242
17;0.008441
18;0.005543
19;0.00184
20;0.001012
21;1.15E-4
22;6.9E-5
23;0.001035
