Time;Annual F
0;0.33026406
1;0.33026406
2;0.33026406
3;0.33026406
4;0.33026406
5;0.33026406
6;0.33026406
7;0.33026406
8;0.33026406
9;0.33026406
10;0.33026406
11;0.33026406
12;0.33026406
13;0.33026406
14;0.33026406
15;0.33026406
16;0.33026406
17;0.33026406
18;0.33026406
19;0.33026406
