Time step;F
0;0.013761
1;0.013761
2;0.013761
3;0.013761
4;0.013761
5;0.013761
6;0.013761
7;0.013761
8;0.013761
9;0.013761
10;0.013761
11;0.013761
12;0.013761
13;0.013761
14;0.013761
15;0.013761
16;0.013761
17;0.013761
18;0.013761
19;0.013761
20;0.013761
21;0.013761
22;0.013761
23;0.013761
