Time;Season
0;0.014
0.041666668;0.030399997
0.083333336;0.039899998
0.125;0.052599998
0.16666667;0.055799994
0.20833333;0.053999996
0.25;0.0489
0.29166666;0.050199995
0.33333334;0.056499996
0.375;0.059399996
0.41666666;0.056
0.45833334;0.052699995
0.5;0.052799997
0.5416667;0.0554
0.5833333;0.05799999
0.625;0.057599998
0.6666667;0.0546
0.7083333;0.044999995
0.75;0.0384
0.7916667;0.0261
0.8333333;0.0203
0.875;0.0096
0.9166667;0.0048
0.9583333;0.007
