Time step;F
0;0.002502
1;0.002502
2;0.002502
3;0.002502
4;0.002502
5;0.002502
6;0.002502
7;0.002502
8;0.002502
9;0.002502
10;0.002502
11;0.002502
12;0.002502
13;0.002502
14;0.002502
15;0.002502
16;0.002502
17;0.002502
18;0.002502
19;0.002502
20;0.002502
21;0.002502
22;0.002502
23;0.002502
