Time;Annual F
0;0.06004802
1;0.06004802
2;0.06004802
3;0.06004802
4;0.06004802
5;0.06004802
6;0.06004802
7;0.06004802
8;0.06004802
9;0.06004802
10;0.06004802
11;0.06004802
12;0.06004802
13;0.06004802
14;0.06004802
15;0.06004802
16;0.06004802
17;0.06004802
18;0.06004802
19;0.06004802
