Time step;F
0;6.84E-4
1;0.001468
2;0.001932
3;0.0037
4;0.005
5;0.005532
6;0.004768
7;0.004268
8;0.004532
9;0.003468
10;0.002132
11;5.68E-4
12;3.32E-4
13;1.0E-4
14;1.0E-4
15;1.32E-4
16;1.68E-4
17;1.52E-4
18;1.0E-4
19;1.0E-4
20;1.52E-4
21;1.52E-4
22;1.0E-4
23;3.68E-4
