Time;Annual F
0;0.18114483
1;0.18114483
2;0.18114483
3;0.18114483
4;0.18114483
5;0.18114483
6;0.18114483
7;0.18114483
8;0.18114483
9;0.18114483
10;0.18114483
11;0.18114483
12;0.18114483
13;0.18114483
14;0.18114483
15;0.18114483
16;0.18114483
17;0.18114483
18;0.18114483
19;0.18114483
