Time step;F
0;0.00224
1;0.004864
2;0.006384
3;0.008416
4;0.008928
5;0.00864
6;0.007824
7;0.008032
8;0.00904
9;0.009504
10;0.00896
11;0.008432
12;0.008448
13;0.008864
14;0.00928
15;0.009216
16;0.008736
17;0.0072
18;0.006144
19;0.004176
20;0.003248
21;0.001536
22;7.68E-4
23;0.00112
