Time;Annual F
0;0.16000001
1;0.16000001
2;0.16000001
3;0.16000001
4;0.16000001
5;0.16000001
6;0.16000001
7;0.16000001
8;0.16000001
9;0.16000001
10;0.16000001
11;0.16000001
12;0.16000001
13;0.16000001
14;0.16000001
15;0.16000001
16;0.16000001
17;0.16000001
18;0.16000001
19;0.16000001
