Time;Annual F
0;0.040008
1;0.040008
2;0.040008
3;0.040008
4;0.040008
5;0.040008
6;0.040008
7;0.040008
8;0.040008
9;0.040008
10;0.040008
11;0.040008
12;0.040008
13;0.040008
14;0.040008
15;0.040008
16;0.040008
17;0.040008
18;0.040008
19;0.040008
