Time step;F
0;0.010425
1;0.010425
2;0.010425
3;0.010425
4;0.010425
5;0.010425
6;0.010425
7;0.010425
8;0.010425
9;0.010425
10;0.010425
11;0.010425
12;0.010425
13;0.010425
14;0.010425
15;0.010425
16;0.010425
17;0.010425
18;0.010425
19;0.010425
20;0.010425
21;0.010425
22;0.010425
23;0.010425
