Time;Season
0;0.008900889
0.041666668;0.015801579
0.083333336;0.01830183
0.125;0.02640264
0.16666667;0.032003198
0.20833333;0.04920491
0.25;0.060706067
0.29166666;0.07410741
0.33333334;0.07620762
0.375;0.08680867
0.41666666;0.09540954
0.45833334;0.08550855
0.5;0.0670067
0.5416667;0.053605356
0.5833333;0.058605857
0.625;0.058905888
0.6666667;0.0540054
0.7083333;0.036703668
0.75;0.02410241
0.7916667;0.008000799
0.8333333;0.00440044
0.875;0.00050005
0.9166667;0.00030003
0.9583333;0.00450045
